check_id,check_type,target,expected,actual,status,severity,source,detected_on,resolved_on,resolution,notes,batch,record_ids,checksum,run_id,owner,active
INT-000001,three-record completion reconciliation,Batches 001-005,checkpoint + completed audit + verification log agree,22 source-file entries through Batch 005,PASS,critical,Drive authoritative records,2026-07-28,,,All trusted batches satisfy the current three-record rule.,5,[],,RECOVERY-001,Symbol Atlas,True
INT-000002,trust-boundary exclusion,Existing Master Database initial rows,only Batch 001-005 records active,Legacy Gothic rows explicitly marked excluded,PASS,high,Master Database normalization 2026-07-28,2026-07-28,2026-07-28,"Marked source, observation, and hypothesis excluded without deletion.",Legacy records remain preserved but inactive.,legacy,"[""SRC-AUTH-0001"",""OBS-AUTH-000001"",""HYP-AUTH-0001""]",,RECOVERY-002,Symbol Atlas,False
INT-000003,source normalization,Recovery Staging rows 1-22,22 permanent unique Source IDs linked to trusted Drive IDs,22 Sources rows appended; 22 staging rows linked,PASS,critical,Master Checkpoint + Verification Log + Completed Books Audit,2026-07-28,,,Source IDs SRC-000001 through SRC-000022 assigned in staged source order.,5,"[""SRC-000001..SRC-000022""]",,RECOVERY-002,Symbol Atlas,True
INT-000004,Batch 001 recovery,Trusted Batch 001 checkpoint,12 text-only observations + 5 visual-review queue items,12 observation rows prepared; 5 rescreen tasks prepared,PASS,high,Master Checkpoint Batch 001,2026-07-28,,,No visual geometry promoted from pending sources.,1,"[""OBS-000001..OBS-000012"",""QUE-000001..QUE-000005""]",,RECOVERY-002,Symbol Atlas,True
INT-000005,source observation recovery,SRC-000006,Recover all checkpoint-supported groups without inventing missing instance metadata,3 observation rows recovered; 9 raw visual instances represented,PASS,high,Master Checkpoint Batch 002,2026-07-28,,,Eight color-card instances are represented by one family row until individual payload data is re-read from visual evidence.,2,"[""OBS-000013"",""OBS-000014"",""OBS-000015""]",,RECOVERY-002,Symbol Atlas,True
INT-000006,source observation recovery,SRC-000007,Recover text-only historical context while excluding non-operative material from geometry correlations,5 observations + 5 meanings + 6 claims/contradictions; 0 geometry families,PASS,high,Master Checkpoint Batch 002 + fresh 24-page source recheck,2026-07-28,,,All 24 pages visually inspected; no diagrams or operative symbol plates. Documentary seal remains non-operative.,2,"[""OBS-000016..OBS-000020"",""MEAN-000001..MEAN-000005"",""CLM-000001..CLM-000006""]",,RECOVERY-003,Symbol Atlas,True
INT-000007,source observation recovery,SRC-000008,Recover five checkpoint-supported text-only groups with page-level provenance and no promoted geometry,5 observations + 6 meanings + 10 claims/corrections; 0 geometry families,PASS,high,Master Checkpoint Batch 002 + fresh 216-page source recheck,2026-07-28,,,All pages visually reviewed; cover/title decoration excluded. One checkpoint wording conflation recorded as CLM-000016.,2,"[""OBS-000021..OBS-000025"",""MEAN-000006..MEAN-000011"",""CLM-000007..CLM-000016""]",,RECOVERY-004,Symbol Atlas,True
INT-000008,column alignment validation,OBS-000009 and OBS-000020,All 30 observation fields aligned to schema headers,Two mechanically shifted rows fully repasted and revalidated,PASS,high,Master Database recovery validation,2026-07-28,2026-07-28,Replaced both malformed row payloads with complete 30-field records.,No evidentiary interpretation changed; this repaired storage alignment only.,recovery,"[""OBS-000009"",""OBS-000020""]",,RECOVERY-004,Symbol Atlas,False
INT-000009,source observation recovery,SRC-000009,Recover all 13 trusted visual figure groups and preserve four lineage-adjusted construction families,13 observations + 12 meanings + 14 claims/classifications + 4 lineages + 4 geometry families,PASS,critical,Master Checkpoint Batch 002 + fresh 89-page visual recheck,2026-07-28,,,All figure groups are modern instructional evidence from one source corpus. Raw count 13; lineage-adjusted principal families 4; no DNA variable promoted.,2,"[""OBS-000026..OBS-000038"",""MEAN-000012..MEAN-000023"",""CLM-000017..CLM-000030"",""LIN-000001..LIN-000004"",""GEO-000001..GEO-000004""]",,RECOVERY-005,Symbol Atlas,True
INT-000010,source metadata completion,SRC-000009 and STG-000009,Fill source author and page count from the downloaded PDF and reconcile staging page count,Author Walter Jantschik; 89 pages; staging pages_inspected 89,PASS,high,Downloaded source metadata and complete rendered-page inventory,2026-07-28,2026-07-28,Filled previously blank source metadata and replaced staging placeholder page count 0 with 89.,No evidentiary interpretation changed; this completes source metadata and visual-scope accounting.,2,"[""SRC-000009"",""STG-000009""]",,RECOVERY-005,Symbol Atlas,False
INT-000011,source observation recovery,SRC-000010,Recover all 14 trusted figure/alphabet groups with page-level provenance and raw versus lineage-adjusted handling,14 observations + 10 meanings + 16 claims/classifications + 11 lineages + 8 geometry families,PASS,critical,Master Checkpoint Batch 002 + fresh 88-page visual recheck,2026-07-28,,,All fourteen principal groups recovered; genealogy and music notation excluded as non-operative informational graphics.,2,"[""OBS-000039..OBS-000052"",""MEAN-000024..MEAN-000033"",""CLM-000031..CLM-000046"",""LIN-000005..LIN-000015"",""GEO-000005..GEO-000012""]",,RECOVERY-006,Symbol Atlas,True
INT-000012,source metadata completion,SRC-000010 and STG-000010,Fill source author and page count from downloaded PDF and reconcile staging page count,Author Raymond Buckland; 88 pages; staging pages_inspected 88,PASS,high,Downloaded source metadata and complete rendered-page inventory,2026-07-28,2026-07-28,Filled previously blank source metadata and replaced staging placeholder page count 0 with 88.,No evidentiary interpretation changed; this completes source metadata and visual-scope accounting.,2,"[""SRC-000010"",""STG-000010""]",,RECOVERY-006,Symbol Atlas,False
INT-000013,trusted group-count reconciliation,SRC-000010,Reconcile the trusted checkpoint count of 14 figure/alphabet groups without losing subtable or duplicate-lineage information,14 principal observation rows; Danish and Swedish-Norse retained as two subtables in one Scandinavian plate; two Futhorc witnesses lineage-adjusted together,PASS,high,Fresh 88-page visual inspection + Master Checkpoint Batch 002,2026-07-28,2026-07-28,Recorded count logic in CLM-000046 and lineage relationships in LIN-000008 and LIN-000015.,Raw principal count remains 14 while lineage adjustment is recorded separately.,2,"[""OBS-000039..OBS-000052"",""CLM-000046"",""LIN-000008"",""LIN-000015""]",,RECOVERY-006,Symbol Atlas,False
INT-000014,source observation recovery,SRC-000011,Recover all 9 trusted figures with page provenance and preserve the seven weekday plates as one lineage-adjusted template family,9 observations + 3 meanings + 10 claims/classifications + 3 lineages + 3 geometry families,PASS,critical,Master Checkpoint Batch 002 + fresh 106-page visual recheck,2026-07-28,,,"Circle of Art, protective pentacle, and seven weekday plates recovered; raw visual count 9 and lineage-adjusted family count 3.",2,"[""OBS-000053..OBS-000061"",""MEAN-000034..MEAN-000036"",""CLM-000047..CLM-000056"",""LIN-000016..LIN-000018"",""GEO-000013..GEO-000015""]",,RECOVERY-007,Symbol Atlas,True
INT-000015,source metadata completion,SRC-000011 and STG-000011,Fill source author and page count and reconcile staging page count,Author Joseph C. Lisiewski; 106 pages; staging pages_inspected 106,PASS,high,Downloaded source metadata and complete rendered-page inventory,2026-07-28,2026-07-28,Filled previously blank source metadata and replaced staging placeholder page count 0 with 106.,No evidentiary interpretation changed; this completes source metadata and visual-scope accounting.,2,"[""SRC-000011"",""STG-000011""]",,RECOVERY-007,Symbol Atlas,False
INT-000016,source observation recovery,SRC-000012,Recover all 5 trusted visual/process groups with raw count 5 and three provisional construction lineages,5 observations + 5 meanings + 6 claims/classifications + 3 lineages + 5 geometry/process families,PASS,critical,Master Checkpoint Batch 002 + fresh 82-page visual recheck,2026-07-28,,,"Component-overlay symbol, deterministic filtering/grid/path workflow, and minimal task-specific sigil recovered. Harmful operational details excluded.",2,"[""OBS-000062..OBS-000066"",""MEAN-000037..MEAN-000041"",""CLM-000057..CLM-000062"",""LIN-000019..LIN-000021"",""GEO-000016..GEO-000020""]",,RECOVERY-008,Symbol Atlas,True
INT-000017,source metadata completion,SRC-000012 and STG-000012,Fill source authors and page count and reconcile staging page count,Authors David Michael Cunningham with Taylor Ellwood and Amanda R. Wagener; 82 pages; staging pages_inspected 82,PASS,high,Downloaded source metadata and complete rendered-page inventory,2026-07-28,2026-07-28,Filled previously blank source metadata and replaced staging placeholder page count with 82.,No evidentiary interpretation changed; this completes source metadata and visual-scope accounting.,2,"[""SRC-000012"",""STG-000012""]",,RECOVERY-008,Symbol Atlas,False
INT-000018,source observation recovery,SRC-000013,Reconfirm all four pages and preserve the explicit thirteen-herb set without inventing visual geometry or universal numerology,1 text-only observation + 1 source-scoped meaning + 2 claims/classifications; 0 visual records; 0 geometry families,PASS,high,Master Checkpoint Batch 003 + fresh four-page source recheck,2026-07-28,,,The thirteen-item count is retained as editorial source structure only. No symbol geometry is promoted.,3,"[""OBS-000067"",""MEAN-000042"",""CLM-000063"",""CLM-000064""]",,RECOVERY-009,Symbol Atlas,True
INT-000019,source observation recovery,SRC-000014,Recover the three trusted text-only process groups with exact page provenance and no invented visual geometry,3 text-only observations + 3 meanings + 5 claims/classifications; 0 visual figures; 0 geometry families,PASS,critical,Master Checkpoint Batch 003 + fresh 168-page visual and textual recheck,2026-07-28,,,"Quarter pentacle calling, circle lifecycle, and cardinal-elemental correspondence framework recovered. Embedded image count 0.",3,"[""OBS-000068..OBS-000070"",""MEAN-000043..MEAN-000045"",""CLM-000065..CLM-000069""]",,RECOVERY-010,Symbol Atlas,True
INT-000020,source metadata completion,SRC-000014 and STG-000014,Record transparent authorship status and confirm page/image inventory,Unattributed personal compilation; 168 pages; 0 embedded images,PASS,high,"Title pages, PDF metadata, and complete rendered-page inventory",2026-07-28,2026-07-28,Cataloged as an unattributed personal compilation rather than inventing an author.,Source page count was already correct; this completes attribution and visual-scope accounting.,3,"[""SRC-000014"",""STG-000014""]",,RECOVERY-010,Symbol Atlas,False
INT-000021,source observation recovery,SRC-000015,"Recover both trusted historical images while separating artifact identification, representational form, and modern authorial interpretation",2 visual observations + 2 meanings + 5 claims/classifications + 2 reproduction lineages; 0 operative geometry families,PASS,critical,Master Checkpoint Batch 003 + fresh seven-page visual recheck,2026-07-28,,,Venus of Willendorf and antlered Sorcerer reproductions recovered as representational historical iconography. Operative symbol count remains zero.,3,"[""OBS-000071"",""OBS-000072"",""MEAN-000046"",""MEAN-000047"",""CLM-000070..CLM-000074"",""LIN-000022"",""LIN-000023""]",,RECOVERY-011,Symbol Atlas,True
INT-000022,source metadata completion,SRC-000015 and STG-000015,"Confirm authors, page count, and embedded-image inventory",Authors Sally Morningstar and Peter Mills; 7 pages; 2 embedded images on page 1,PASS,high,"Title heading, PDF metadata, and complete rendered-page inventory",2026-07-28,2026-07-28,Filled the source author field from the visible title heading and confirmed the trusted page/image count.,No evidentiary interpretation changed; this completes metadata and visual-scope accounting.,3,"[""SRC-000015"",""STG-000015""]",,RECOVERY-011,Symbol Atlas,False
