observation_id,source_id,pdf_page,inspection,image_type,title,stated_purpose,tradition,likely_lineage,numerology,primitive_geometry,construction_grammar,spatial_arrangement,graph_connectivity,symmetry,enclosure,axes,paths,repeated_motifs,extraction_confidence,classification,lineage_weight,visual_evidence_ref,notes,authoritative_status,batch,record_version,supersedes_observation_id,source_claim_class,recovery_status
OBS-000001,SRC-000001,,text_only,textual ritual description,Magic Circle,Constructed and purified ritual enclosure; functions as a temple boundary.,modern witchcraft ritual practice,ritual-circle practice,,circle described in text; not visually measured,construct and purify boundary before ritual,practitioner operates within a bounded ritual field,,,described enclosure; no image inspected,,,,0.85,text_only_candidate,1,,Recovered from Batch 001 checkpoint. No visual geometry promoted.,VERIFIED_WITH_PENDING_VISUAL,1,1,,textual_description,RECOVERED_FROM_CHECKPOINT
OBS-000002,SRC-000001,,text_only,textual tool description,Wax Pentacles,Temporary or destructible ritual tools.,modern witchcraft ritual practice,temporary pentacle/tool-sign practice,,not visually measured,form tool in wax for temporary ritual use,,,,,,,,0.8,text_only_candidate,1,,Recovered from Batch 001 checkpoint. Shape and page remain unresolved pending visual inspection.,VERIFIED_WITH_PENDING_VISUAL,1,1,,textual_description,RECOVERED_FROM_CHECKPOINT
OBS-000003,SRC-000001,,text_only,textual process description,Temporary Tool Signs,Drawn immediately before consecration and removed afterward.,modern witchcraft ritual practice,ephemeral ritual-sign practice,,not visually measured,draw immediately before consecration; remove after use,,,,,,,temporary lifecycle,0.85,text_only_candidate,1,,Supports the methodological note that ephemeral symbols may be underrepresented in surviving artifacts.,VERIFIED_WITH_PENDING_VISUAL,1,1,,textual_process,RECOVERED_FROM_CHECKPOINT
OBS-000004,SRC-000002,,text_only,text-described visualization,Pentagram and Three-Circle Protection Visualization,Protective containment around a centered practitioner.,modern eclectic spell practice,pentagram protection visualization,upright pentagram; three concentric circles,upright pentagram and three concentric circles described in text,visualize practitioner centered inside layered pentagram/circle field,centered body within nested circular boundaries and pentagram scaffold,,approximate fivefold star scaffold,three concentric boundaries,center-to-periphery organization,,three repeated circles,0.88,text_only_candidate,1,,Final geometry is not measured because the image layer remains uninspected.,VERIFIED_WITH_PENDING_VISUAL,1,1,,textual_geometry_description,RECOVERED_FROM_CHECKPOINT
OBS-000005,SRC-000002,,text_only,text-described traced symbol,Air-Drawn Protection Pentagram,Protection and imagined glowing containment.,modern eclectic spell practice,air-traced pentagram practice,,upright pentagram described in text,trace pentagram with a wand and visualize it glowing,single traced figure in surrounding space,,fivefold form implied,,,wand-traced path,pentagram motif,0.88,text_only_candidate,1,,Trace order and exact starting point are unresolved pending source-level page recovery.,VERIFIED_WITH_PENDING_VISUAL,1,1,,textual_process,RECOVERED_FROM_CHECKPOINT
OBS-000006,SRC-000002,,text_only,textual directional process,Four-Direction Purification,Purification using four coins in an ordered directional sequence.,modern eclectic spell practice,directional purification sequence,4 coins; four directions,,place or address four coins in ordered directional sequence,four cardinal positions,,cardinal organization,,West/North/East/South axes,West → North → East → South,four directional stations,0.92,text_only_candidate,1,,"Direction, count, and sequence are retained as separate variables.",VERIFIED_WITH_PENDING_VISUAL,1,1,,textual_process,RECOVERED_FROM_CHECKPOINT
OBS-000007,SRC-000002,,text_only,text-based constructed sign,Diminishing-Letter Triangle SDPNQCN,Driving away evil.,modern eclectic spell practice,diminishing-letter triangular charm,seven-letter source reduced to one final letter,triangular text reduction,"write SDPNQCN, remove one leading letter per row, end at N",rows contract to a triangular text field,,approximate bilateral text triangle,,vertical taper axis,top-to-bottom deletion sequence,repeated suffix rows,0.95,text_only_candidate,1,,Construction grammar is textually explicit; final visual appearance still requires page verification.,VERIFIED_WITH_PENDING_VISUAL,1,1,,textual_construction_grammar,RECOVERED_FROM_CHECKPOINT
OBS-000008,SRC-000002,,text_only,text-described ritual layout,Curse-Breaking Candle Pentagram,Curse breaking.,modern eclectic spell practice,candle-position pentagram layout,5 white candles + 1 black center candle,pentagram point layout with central node,place five white candles at star positions and one black candle at center,five peripheral nodes around one privileged center,,fivefold radial arrangement,no stated outer enclosure,center-to-point axes,,five repeated white perimeter candles,0.92,text_only_candidate,1,,"Geometry is described by placement, not visually measured.",VERIFIED_WITH_PENDING_VISUAL,1,1,,textual_layout,RECOVERED_FROM_CHECKPOINT
OBS-000009,SRC-000002,,text_only,text-described visualization,Protective Fire Sphere,Protective enclosure around the body.,modern eclectic spell practice,spherical protection visualization,,sphere described in text,visualize a luminous fire sphere around the body,body centered inside a spherical boundary,,radial/spherical,complete spherical enclosure implied,center-to-boundary axes,,,0.9,text_only_candidate,1,,No visual figure inspected; stored as a spatial description only.,VERIFIED_WITH_PENDING_VISUAL,1,1,,textual_geometry_description,RECOVERED_FROM_CHECKPOINT
OBS-000010,SRC-000002,,text_only,textual movement path,Clockwise House Purification Path,Purify a house through ordered movement.,modern eclectic spell practice,clockwise circumambulation/purification,,path around a house or rooms described in text,move clockwise through the house,ordered traversal of a domestic boundary,,rotational direction: clockwise,house boundary implied,,clockwise traversal,repeated directional movement,0.9,text_only_candidate,1,,Exact start point and route remain unresolved.,VERIFIED_WITH_PENDING_VISUAL,1,1,,textual_process,RECOVERED_FROM_CHECKPOINT
OBS-000011,SRC-000002,,text_only,textual knot sequence,Nine-Knot Prosperity Cord,Prosperity.,modern eclectic spell practice,knot-magic sequence,9 knots on a 13-inch cord,,tie a nine-knot sequence on a thirteen-inch cord,linear cord with repeated knot stations,,linear repetition,,longitudinal cord axis,ordered knotting sequence,nine repeated knots,0.94,text_only_candidate,1,,Numerology and physical length are retained independently from purpose.,VERIFIED_WITH_PENDING_VISUAL,1,1,,textual_process,RECOVERED_FROM_CHECKPOINT
OBS-000012,SRC-000002,,text_only,textual rotational process,Counterclockwise Bottle-Sealing Rotation,Seal or close a bottle-based working.,modern eclectic spell practice,counterclockwise sealing practice,,circular rotation described in text,rotate counterclockwise during bottle sealing,rotation around a container,,rotational direction: counterclockwise,bottle/container boundary implied,container center axis,counterclockwise rotation,,0.9,text_only_candidate,1,,Exact number of turns is unresolved.,VERIFIED_WITH_PENDING_VISUAL,1,1,,textual_process,RECOVERED_FROM_CHECKPOINT
OBS-000013,SRC-000006,,visually_inspected,text-based triangular reduction seal,Diminishing ABRACADABRA Seal,Debt reduction / banishment as stated in the source.,modern eclectic ritual workbook,ABRACADABRA diminishing-word charm lineage,11 rows tapering from ABRACADABRA to A,triangular text field,write full word; remove one terminal letter per successive row until one letter remains,stacked rows contract toward a single terminal letter,,approximate bilateral text triangle,,vertical taper axis,top-to-bottom reduction sequence,repeated nested word suffixes,0.97,verified_visual_group,1,,Recovered from Batch 002 checkpoint after all 25 pages were rendered. Exact page must be restored from visual evidence during page-level migration.,VERIFIED,2,1,,visual_observation_group,RECOVERED_FROM_CHECKPOINT
OBS-000014,SRC-000006,,visually_inspected,card family / replaceable-payload diagram,Color Telepathy Card Family,Telepathy or color/label transmission exercise.,modern eclectic ritual workbook,replaceable-payload card-template family,8 raw card instances; lineage-adjusted family count 1,rectangle containing centered circle,reuse one card template while replacing color and label payload,eight separate rectangular cards sharing the same centered-circle scaffold,,bilateral/radial local symmetry,each card rectangle is a local enclosure; centered circle is an inner enclosure,vertical and horizontal card axes,,eight repeated template instances,0.96,verified_visual_family,0.125,,One family-level row represents eight raw visual instances because the checkpoint does not preserve each card’s individual color/label payload.,VERIFIED,2,1,,visual_family_group,RECOVERED_FROM_CHECKPOINT
OBS-000015,SRC-000006,,text_only,textual enclosure-use group,Circles Enclosing Names,"Binding, protection, completion, separation, and healing are all described as uses of name-enclosing circles.",modern eclectic ritual workbook,name-enclosure circle practice,"multiple stated purposes; construction materials include chalk, salt, and visualization",circle described in text,"place a name within a circle; construct by chalk, salt, or visualization",semantic payload inside a bounded circular field,,radial/circular,complete enclosure described,center-to-boundary organization,,circle repeated across multiple purposes and materials,0.88,text_only_candidate,1,,Purpose and construction medium are retained as separate variables; no universal meaning is inferred.,VERIFIED,2,1,,textual_usage_group,RECOVERED_FROM_CHECKPOINT
OBS-000016,SRC-000007,3,visually_inspected/text_only,quoted textual initiation reference,Received into the Circle,Admission/initiation into an asserted priestly lineage and receipt of esoteric learning.,modern Wiccan historiography,quoted Gardnerian initiation-language context,,circle named but not depicted or measured,none; phrase used as initiation/admission language,,,,metaphorical or ritual membership boundary; no visual enclosure,,admission into the circle,,0.99,historical_textual_context,1,PDF page 3 / printed page 4,Quoted Gardner passage presented inside a historical-critical discussion. Do not treat it as proof of ancient continuity or measurable circle geometry.,VERIFIED,2,1,,quoted_historical_claim,SOURCE_RECHECKED_TEXT_ONLY
OBS-000017,SRC-000007,10,visually_inspected/text_only,textual symbolic attribution,Isis as Symbolic Personification,Represent the long-denied female component of deity within the author's summary of an occultist viewpoint.,modern occult historiography,authorial summary of occult symbolic interpretation,,no visual form described,name/personification assigned a symbolic referent,,,,,,,,0.98,textual_symbolic_attribution,1,PDF page 10 / printed page 11,Source-scoped attribution only. It is not treated as a universal meaning of Isis or as evidence of a specific geometry.,VERIFIED,2,1,,authorial_framework_claim,SOURCE_RECHECKED_TEXT_ONLY
OBS-000018,SRC-000007,10,visually_inspected/text_only,textual symbolic attribution,Horned-God Set and Satan Symbol Group,Represent unconscious or repressed sexuality within the author's summary of an occultist viewpoint.,modern occult historiography,"authorial summary grouping Pan, the Horned God, Set, and Satan",,no visual form described,multiple named figures grouped under one interpretive meaning,,,,,,,four named symbolic figures grouped in prose,0.98,textual_symbolic_attribution_group,0.25,PDF page 10 / printed page 11,"Grouped textual claim, not four independent traditions or geometries. Lineage weight is reduced to avoid treating one prose assertion as four independent examples.",VERIFIED,2,1,,authorial_framework_claim,SOURCE_RECHECKED_TEXT_ONLY
OBS-000019,SRC-000007,10,visually_inspected/text_only,textual paired-symbol attribution,White and Black Pillars,Represent balance between conscious and unconscious forces.,Freemasonry and High Magick as summarized by the author,paired-pillar balance symbolism,,paired pillars named but not depicted,interpretive opposition assigned to a two-part symbolic pair,paired binary structure described in prose,,bilateral opposition implied but not visually measured,,vertical pillar axes implied,,paired White/Black pillars,0.99,textual_symbolic_attribution,1,PDF page 10 / printed page 11,No pillar image appears in the source. Retained as source-scoped semantic context only.,VERIFIED,2,1,,authorial_framework_claim,SOURCE_RECHECKED_TEXT_ONLY
OBS-000020,SRC-000007,15-16,visually_inspected/text_only,documentary seal reference,OTO Charter Signature and Seal,Authenticate or witness a charter document; not presented as an operative magical diagram.,Thelemic/OTO documentary history,documentary seal and signature practice,,seal referenced in prose; small typed seal notation only,signature and seal appended to charter text,seal notation follows the charter body,,,,,document-signing line,signature and seal formula,0.99,documentary_nonoperative_symbol,1,PDF pages 15-16 / printed pages 16-17,The source discusses Crowley's signature and seals as documentary authentication. Excluded from operative-geometry correlations.,VERIFIED,2,1,,documentary_context,SOURCE_RECHECKED_TEXT_ONLY
OBS-000021,SRC-000008,32,visually_inspected/text_only,textual protective-vessel tradition,Runes Carved into Drinking Cups,Protect the bearer from poisoning and reveal treachery by shattering the cup or changing the beverage color.,Norse legend as reported in a modern witchcraft beverage manual,rune-inscribed protective vessel tradition,,runes named but not shown; drinking vessel described,carve runes into a cup as a protective inscription,inscription applied to a portable vessel,,,vessel boundary implied,,"rune inscription repeated around or upon vessel, exact placement unstated",,0.99,historical_textual_context,1,PDF page 32 / printed page 34,The author explicitly presents this as a Norse legendary example. No rune forms or vessel diagram are shown.,VERIFIED,2,1,,quoted_historical_tradition,SOURCE_RECHECKED_TEXT_ONLY
OBS-000022,SRC-000008,33,visually_inspected/text_only,textual vessel-shape correspondence,Womb-Like and Squared Drinking Vessels,Womb-like cups are associated with the Goddess; squared-off vessels are suggested for stronger alignment with the God aspect.,modern eclectic witchcraft correspondence system,vessel-shape deity correspondence,,rounded or womb-like vessel versus squared-off vessel; no figure shown,select vessel shape according to desired deity alignment,binary contrast between rounded/womb-like and squared forms,,bilateral/local vessel symmetry not measured,vessel itself functions as container,,,paired contrasting vessel-shape classes,0.99,textual_shape_correspondence,1,PDF page 33 / printed page 35,The source does not associate squared vessels with Earth here. Earth appears separately in the Winter/Earth/North seasonal framework.,VERIFIED,2,1,,authorial_correspondence_claim,SOURCE_RECHECKED_TEXT_ONLY
OBS-000023,SRC-000008,63,visually_inspected/text_only,textual balance-vessel suggestion,Yin/Yang-Styled Cup for Balance,Reinforce balance and symmetry through equal ingredient measures and a yin/yang-styled drinking vessel.,modern eclectic witchcraft correspondence system,yin-yang balance vessel suggestion,equal measures across herbs and juices,yin-yang styled cup named but not pictured,keep ingredients even and optionally drink from a yin/yang-styled cup,paired balance concept applied to vessel and recipe proportions,,bilateral/complementary balance implied,cup is a local container,,,paired complementary halves; equalized ingredient quantities,0.99,textual_shape_correspondence,1,PDF page 63 / printed page 68,"No cup image is present. Stored as a source-scoped design suggestion, not as a measured yin-yang geometry.",VERIFIED,2,1,,authorial_correspondence_claim,SOURCE_RECHECKED_TEXT_ONLY
OBS-000024,SRC-000008,99;101-104,visually_inspected/text_only,textual correspondence framework,Season Element Direction and Time Framework,"Assign Spring/Air/East/dawn, Summer/Fire/South/noon, Fall/Water/West/dusk, and Winter/Earth/North/midnight.",modern eclectic witchcraft correspondence system,four-season elemental-cardinal framework,four seasons; four elements; four cardinal directions; four preparation times,no diagram; four-part correspondence system described in text,"map each season to one element, direction, and time of day",four ordered correspondence groups,,cardinal fourfold organization,,East/South/West/North axes implied,Spring → Summer → Fall → Winter cycle implied,four repeated season-element-direction-time tuples,0.99,textual_correspondence_framework,0.25,"PDF pages 99, 101-104 / printed pages 104, 106-109",One source framework containing four tuples; lineage weight reduced so the four assignments do not count as independent traditions.,VERIFIED,2,1,,authorial_correspondence_framework,SOURCE_RECHECKED_TEXT_ONLY
OBS-000025,SRC-000008,132,visually_inspected/text_only,natural-form symbolic attribution,Star Fruit as Natural Pentagram Form,"Use sliced star fruit as a garnish in a recipe associated with divination, prophecy, creativity, and Air-related magic because its natural cross-section resembles a pentagram.",modern eclectic witchcraft recipe symbolism,natural pentagram-shaped botanical form,five-point natural cross-section implied,pentagram-like star-fruit cross-section described but not illustrated,slice star fruit and place it as a garnish; interpret its natural form symbolically,natural five-point form applied as a decorative and semantic payload,,fivefold radial form implied,natural fruit boundary,,,five-point star/pentagram resemblance,0.99,textual_natural_form_attribution,1,PDF page 132 / printed page 137,"The source makes an explicit pentagram-shape comparison, but no star-fruit image or measured geometry appears.",VERIFIED,2,1,,authorial_natural_form_claim,SOURCE_RECHECKED_TEXT_ONLY
OBS-000026,SRC-000009,31,visually_inspected,instructional sigil,Qabala Baphometa Activation Sigil,Activate or address the Qabala Baphometa/Kylkhor construct within the source's modern instructional system.,modern German Baphomet instructional magic,LIN-000001 — modern cursive-angular Baphomet sigil grammar,The accompanying text invokes 72 forces; that count is not visibly encoded in the figure.,elongated cursive line; loops; sharp peaks; small circles; terminal spiral; letter payload,"combine a largely continuous handwritten path with angular peaks, looped returns, circular terminals, and a short textual payload",single elongated horizontal glyph field,mostly connected main stroke with minor detached textual components,asymmetrical,none,dominant horizontal axis,left-to-right calligraphic traversal with loop-backs,loops; angular peaks; circles; terminal spiral,0.99,verified_visual_group,0.125,PDF page 31 / printed page 31,"Modern instructional figure, not an ancient artifact. The text's 72-force claim is retained separately from the visible geometry.",VERIFIED,2,1,,visual_instructional_sigil,SOURCE_RECHECKED_VISUAL
OBS-000027,SRC-000009,38,visually_inspected,instructional sigil,Magical Battery Sigil,"Represent, charge, or activate a magical battery in the source's modern system.",modern German Baphomet instructional magic,LIN-000001 — modern cursive-angular Baphomet sigil grammar,,left star; circles; angular zigzags; cross-like marks; terminal spiral,"assemble a left-to-right composite from a star-like opening, circular nodes, angular connectors, crosses, and a spiral terminal",elongated horizontal composite,partly connected chain with several distinct nodes,asymmetrical,none,dominant horizontal axis,serial left-to-right progression,star; circles; zigzags; crosses; terminal spiral,0.99,verified_visual_group,0.125,PDF page 38 / printed page 38,"Classified within the same authorial cursive-angular family as the other large sigils, while preserving its distinct component sequence.",VERIFIED,2,1,,visual_instructional_sigil,SOURCE_RECHECKED_VISUAL
OBS-000028,SRC-000009,43,visually_inspected,circle-band sigil sequence,Golem Triple-Circle Band Sequence,Populate the interstitial bands of a triple ritual circle used for Golem evocation.,modern German Baphomet instructional magic,LIN-000002 — circle-band sigil sequences,triple circle stated in the adjacent instructions,small disconnected glyphs; crosses; circles; arrows; triangles; star-like and letter-like marks,arrange many short glyphs in one or more linear sequences intended for placement between concentric circle boundaries,multi-row linear glyph inventory assigned to circle bands,disconnected symbol sequence,no global symmetry,external triple-circle enclosure is described but not drawn on this page,horizontal row axes; concentric-band context,serial reading/placement across rows,repeated small circles; crosses; arrows; angular marks,0.99,verified_visual_group,0.333333,PDF page 43 / printed page 43,"The page shows the glyph sequence, while the preceding instructions specify a triple magical circle. Stored as sequence geometry plus external enclosure context.",VERIFIED,2,1,,visual_circle_band_sequence,SOURCE_RECHECKED_VISUAL
OBS-000029,SRC-000009,44,visually_inspected,instructional sigil,Materialization Sigil,Serve as a visual focus for materialization in the source's ritual procedure.,modern German Baphomet instructional magic,LIN-000001 — modern cursive-angular Baphomet sigil grammar,,horizontal cursive-angular line; central pentagram; large terminal loops,combine a calligraphic horizontal stroke with an embedded five-point star and enlarged looped terminals,elongated horizontal glyph with a central star node,mostly connected path with an embedded star and looped extensions,asymmetrical,none,dominant horizontal axis,left-to-right traversal with looped returns around the central star,central pentagram; repeated loops,0.99,verified_visual_group,0.125,PDF page 44 / printed page 44,"Purpose is source-stated. The figure remains a modern instructional sigil, not a cross-tradition pentagram witness.",VERIFIED,2,1,,visual_instructional_sigil,SOURCE_RECHECKED_VISUAL
OBS-000030,SRC-000009,45,visually_inspected,instructional sigil,Golem Mass Sigil,Identify or structure the Golem Mass within the source's liturgical system.,modern German Baphomet instructional magic,LIN-000001 — modern cursive-angular Baphomet sigil grammar,,horizontal composite; star/triangle elements; loops; central small pentagram,join angular star-like components and calligraphic loops into one elongated liturgical identity mark,elongated horizontal composite with a privileged central star,largely connected main path with embedded angular nodes,asymmetrical,none,dominant horizontal axis,serial horizontal path with looped and angular excursions,loops; triangular peaks; central star,0.99,verified_visual_group,0.125,PDF page 45 / printed page 45,Retained as a distinct observation but lineage-adjusted with the source's other large cursive-angular sigils.,VERIFIED,2,1,,visual_instructional_sigil,SOURCE_RECHECKED_VISUAL
OBS-000031,SRC-000009,50,visually_inspected,conventional symbol set,Conventional Magical Symbol Row,Provide conventional symbolic forms for the source's 'symbolic method' of contacting a magical egregor.,modern German Baphomet instructional magic,LIN-000003 — conventional magical-symbol row,approximately seven visible glyphs,"approximately seven disconnected glyphs including star, circle, triangle, cross, and planetary-like forms",select recognizable conventional forms and place them as a horizontal reference row,single horizontal row of separate symbols,fully disconnected components,mixed local symmetries; no row-level symmetry,none,horizontal row axis,left-to-right reference sequence,mixed conventional occult glyph motifs,0.99,verified_visual_symbol_set,1,PDF page 50 / printed page 50,One source-level symbol set. Individual glyphs are not counted as independent traditions or newly invented geometries.,VERIFIED,2,1,,visual_symbol_set,SOURCE_RECHECKED_VISUAL
OBS-000032,SRC-000009,59,visually_inspected,circle-band sigil sequence,Baphometum Double-Circle Band Sequence,Encode the space between a double ritual circle for evocation of a Baphometum being.,modern German Baphomet instructional magic,LIN-000002 — circle-band sigil sequences,double circle stated in the adjacent instructions,two rows of small glyphs; arrows; circles; triangles; stars; cross-like marks,arrange a disconnected sequence of compact symbols in rows for insertion between two circle boundaries,two-row linear sequence assigned to an annular band,disconnected symbol sequence,no global symmetry,external double-circle enclosure is described but not drawn on this page,horizontal row axes; annular context,serial left-to-right placement across two rows,arrows; circles; triangles; stars; crosses,0.99,verified_visual_group,0.333333,PDF page 59 / printed page 59,Stored separately from the associated page-60 entity sigil because band encoding and entity identity are distinct construction roles.,VERIFIED,2,1,,visual_circle_band_sequence,SOURCE_RECHECKED_VISUAL
OBS-000033,SRC-000009,60,visually_inspected,instructional sigil,Baphometum Evocation Sigil,Identify and focus the Baphometum evocation exercise described by the source.,modern German Baphomet instructional magic,LIN-000001 — modern cursive-angular Baphomet sigil grammar,,elongated cursive-angular line; loops; sharp turns; terminal curl,draw a modern calligraphic sigil as a largely continuous horizontal path with angular interruptions and looped terminals,single horizontal entity-specific glyph,mostly connected,asymmetrical,none,dominant horizontal axis,left-to-right calligraphic traversal,loops; sharp peaks; terminal curl,0.99,verified_visual_group,0.125,PDF page 60 / printed page 60,"The source specifies red ink and parchment, but medium is stored as context rather than geometry.",VERIFIED,2,1,,visual_instructional_sigil,SOURCE_RECHECKED_VISUAL
OBS-000034,SRC-000009,63,visually_inspected,circle-band sigil sequence,Pluto Triple-Circle Band Sequence,Encode the spaces of a triple circle for evocation of Pluto-associated genii in the source's system.,modern German Baphomet instructional magic,LIN-000002 — circle-band sigil sequences,triple circle stated in the adjacent instructions,multi-row compact glyphs; circles; arrows; stars; angular and letter-like marks,arrange many disconnected compact symbols in linear rows for insertion between three concentric circle boundaries,multi-row sequence assigned to two annular spaces,disconnected symbol sequence,no global symmetry,external triple-circle enclosure is described but not drawn on this page,horizontal row axes; concentric-band context,serial placement across rows,small circles; arrows; stars; angular marks,0.99,verified_visual_group,0.333333,PDF page 63 / printed page 63,The claimed planetary/underworld association remains source-scoped and does not imply an ancient Pluto lineage.,VERIFIED,2,1,,visual_circle_band_sequence,SOURCE_RECHECKED_VISUAL
OBS-000035,SRC-000009,64,visually_inspected,instructional sigil,Umoluman Sigil,Identify or evoke the entity named Umoluman within the source's modern system.,modern German Baphomet instructional magic,LIN-000001 — modern cursive-angular Baphomet sigil grammar,,left angular-cursive component; right rounded looped component; small circles/dots,combine two contrasting calligraphic subforms into one entity-specific mark,two-part horizontal glyph,two principal connected or closely juxtaposed subgraphs,asymmetrical,none,horizontal axis,left angular traversal followed by rounded looped traversal,loops; circles/dots; angular strokes,0.99,verified_visual_group,0.125,PDF page 64 / printed page 64,The two-part structure is preserved as an observation-level distinction inside the broader family.,VERIFIED,2,1,,visual_instructional_sigil,SOURCE_RECHECKED_VISUAL
OBS-000036,SRC-000009,70,visually_inspected,instructional sigil,Lilith Sigil,Identify or evoke Lilith within the source's modern ritual system.,modern German Baphomet instructional magic,LIN-000001 — modern cursive-angular Baphomet sigil grammar,,broad calligraphic loops; central angled feature; terminal spiral,"form a wide calligraphic glyph from large loops, a central angular interruption, and a spiral terminal",broad horizontal glyph,mostly connected,asymmetrical,none,dominant horizontal axis,looping left-to-right traversal,large loops; central angle; terminal spiral,0.99,verified_visual_group,0.125,PDF page 70 / printed page 70,Operational ritual details are not reproduced; only the visible geometry and source-stated identity role are retained.,VERIFIED,2,1,,visual_instructional_sigil,SOURCE_RECHECKED_VISUAL
OBS-000037,SRC-000009,76-77,visually_inspected,instructional sigil,Urdämonium Repeated-Triangle Sigil,Identify and support the source's Urdämonium materialization or evocation work.,modern German Baphomet instructional magic,LIN-000001 — modern cursive-angular Baphomet sigil grammar,repeated triangular peaks; exact count retained visually rather than treated as independent numerology,initial star/pentagram; repeated triangular peaks; connecting baseline; terminal spiral,"begin with a star-like form, continue through a repeated angular peak sequence, and terminate in a spiral",elongated horizontal glyph with rhythmic triangular repetition,mostly connected main path,asymmetrical overall with locally repeated triangular rhythm,none,horizontal baseline axis,left-to-right repeated-peak traversal,initial star; repeated triangles; terminal spiral,0.99,verified_visual_group,0.125,PDF pages 76-77 / printed pages 76-77,A related small ritual mark on page 77 is retained in this observation's notes rather than inflated into a fourteenth principal group. Explicit ritual details are omitted.,VERIFIED,2,1,,visual_instructional_sigil,SOURCE_RECHECKED_VISUAL
OBS-000038,SRC-000009,83,visually_inspected,hybrid technical-device schematic,Sigil Machine Experimental Circuit Schematic,Illustrate the source's concept of inserting a sigil into an electrical or signal-transmission device.,modern German Baphomet instructional magic,LIN-000004 — sigil-machine device schematic,,rectangles; connectors/wires; relay or switch; coil; ground symbol; arrows; labels,connect labeled technical components into a directed signal path with a sigil insertion stage and terminal coil/ground section,horizontal device chain with a vertical terminal branch,connected technical network,functional rather than decorative symmetry,component boxes provide local enclosure,horizontal signal axis; vertical coil/ground axis,directed connector path through device components,boxes; arrows; coil; ground; labels,0.99,verified_visual_device_schematic,1,PDF page 83 / printed page 83,"Recorded only as visual and conceptual structure. Electrical values, winding specifications, and operating instructions are intentionally omitted.",VERIFIED,2,1,,visual_device_schematic,SOURCE_RECHECKED_VISUAL
OBS-000039,SRC-000010,3,visually_inspected,emblem / composite symbol,Symbol of the Seax-Wica,"Symbolize the Sun, the Moon, and the eight Sabbats or Wheel of the Year.",modern Seax-Wica,LIN-000005 — Seax-Wica emblem lineage,eight radial spokes; Sun/Moon pair; eight Sabbats named in caption,outer circle; overlapping circle/crescent partition; central eight-spoked wheel with terminal hooks,overlap two circular fields to create a crescent/lens division; place a compact eight-spoked wheel within the left field,large circular field with internal overlapping arc and small central wheel,connected circular boundaries plus a connected radial wheel,radial symmetry in the small wheel; larger composition is bilaterally imbalanced by the crescent partition,complete outer circle with internal partition,central wheel axes; vertical and horizontal diameters implied,closed circular paths plus eight radial spokes,eight spokes; paired Sun and Moon forms,0.99,verified_visual_emblem,1,PDF page 3 / frontispiece,"Caption explicitly identifies the Sun, Moon, and eight Sabbats. Treated as a modern Seax-Wica emblem, not an ancient Saxon artifact.",VERIFIED,2,1,,visual_emblem,SOURCE_RECHECKED_VISUAL
OBS-000040,SRC-000010,18,visually_inspected,rune alphabet table,Early Saxon Futhorc Table,Provide the Saxon runic alphabet favored by Seax-Wica as a writing and ritual reference.,Saxon/Anglo-Saxon runic tradition as presented by modern Seax-Wica,LIN-000008 — Saxon and Anglo-Saxon Futhorc lineage,source describes the name Futhorc from the first six letters; glyph count not normalized here,angular rune glyphs paired with Latin phonetic values,arrange rune forms in two vertical columns with corresponding sound values,two-column glyph-to-sound mapping table,disconnected glyph entries,mixed local glyph symmetries; no table-level symmetry,none,vertical column axes,top-to-bottom reading in each column,repeated rune/value pairs,0.99,verified_visual_script_table,0.5,PDF page 18 / printed page 17,"This early table and the appendix Anglo-Saxon table are two visual witnesses within one Futhorc lineage, not two independent traditions.",VERIFIED,2,1,,visual_script_table,SOURCE_RECHECKED_VISUAL
OBS-000041,SRC-000010,25,visually_inspected,ritual spatial layout,Layout of Seax-Wica Altar,"Organize altar tools, deity figures, central ritual objects, and officiant roles within a circular working space.",modern Seax-Wica ritual practice,LIN-000006 — Seax-Wica circular ritual and calendrical diagrams,circular working field; paired deity figures; four external officiant labels,outer circle; labeled circular objects; horizontal sword; book rectangle; horn; crescent-hilt detail,"place deity figures and candle across the upper field, censer/water/salt centrally, sword horizontally, book below, and officiant roles outside the boundary","bounded circular altar field with upper, middle, and lower semantic zones",objects are spatially related but mostly unconnected; boundary unifies the layout,approximate bilateral organization around a vertical centerline,complete circular boundary,vertical deity-to-book axis; horizontal sword axis,no directed path; placement grammar,paired deity figures; repeated circular vessels/candles,0.99,verified_visual_ritual_layout,0.5,PDF page 25 / printed page 31,Representational tool drawings are retained because their positions form an operative spatial layout; they are not counted as independent abstract symbols.,VERIFIED,2,1,,visual_ritual_layout,SOURCE_RECHECKED_VISUAL
OBS-000042,SRC-000010,39,visually_inspected,calendrical wheel diagram,Pagan Wheel of the Year,Map eight Sabbats and seasonal transitions around an annual cycle.,modern Seax-Wica / modern Pagan seasonal calendar,LIN-000006 — Seax-Wica circular ritual and calendrical diagrams,eight sectors; four seasonal/cardinal stations and four intermediate Sabbats,outer circle; four axial diameters; four diagonal radii; sector labels and dates,divide a circle into eight radial sectors; assign seasons to the four principal quadrants and Sabbats/dates around the perimeter,eight-sector radial calendar,connected center-to-boundary spoke network,fourfold axial plus eightfold radial symmetry,complete circular boundary,"vertical, horizontal, and four diagonal axes",cyclical perimeter sequence through eight stations,eight repeated sectors; seasonal quadrants,0.99,verified_visual_calendar_wheel,0.5,PDF page 39 / printed page 58,The diagram is modern calendrical instruction. It is linked to the emblem's eightfold theme but remains a distinct geometry family.,VERIFIED,2,1,,visual_calendar_wheel,SOURCE_RECHECKED_VISUAL
OBS-000043,SRC-000010,58,visually_inspected,construction and body-map diagram,Male Poppet Construction and Astrological Placement Diagram,Construct and personalize a male poppet as a sympathetic representation of a person.,modern Seax-Wica sympathetic magic instruction,LIN-000007 — Seax-Wica instructional process diagrams,paired figures: one cut pattern and one annotated finished poppet,two anthropomorphic outlines; seam boundary; open head; facial marks; astrological symbols placed on torso,"cut two matching cloth outlines, sew around the edge while leaving the head open, then add identifying features and symbolic placements",paired before/after human-body diagrams,each silhouette is connected; arrows and labels link annotations to body locations,bilateral body symmetry,body outline forms a closed local enclosure except the indicated head opening,vertical body axis; limb axes,construction sequence from cut pieces to sewn and marked figure,paired silhouettes; repeated bilateral limbs; symbolic body placements,0.99,verified_visual_body_map,0.5,PDF page 58 / printed page 97,Recorded as construction/body mapping. Operational use is summarized without reproducing manipulative ritual instructions.,VERIFIED,2,1,,visual_body_map,SOURCE_RECHECKED_VISUAL
OBS-000044,SRC-000010,65,visually_inspected,directed divination layout,The Path Nine-Position Divination Layout,"Guide a card reading through the Querent, Inner Self, Goal, Past, Family, Health, Religion, Friends, and Final Outcome.",modern Seax-Wica divination practice,LIN-000007 — Seax-Wica instructional process diagrams,one Significator plus eight numbered positions; nine nodes total,nine rectangles arranged in three columns with directed arrows,place the Significator and eight cards in a serpentine directed sequence; assign a semantic role to each position,three-column network with top-left Significator and eight numbered card nodes,directed connected path: Significator to 1 to 2 to 3 to 4 to 5 to 6 to 7 to 8,layout is grid-like but directionally asymmetric,each card rectangle is a local enclosure; no outer boundary,three vertical column axes; two horizontal cross-links,"serpentine path descending, crossing right, rising, crossing right, then descending",nine repeated rectangular nodes; directional arrows,0.99,verified_visual_divination_layout,0.5,PDF page 65 / printed page 111,The checkpoint's 'nine-position' count includes the Significator plus eight numbered reading cards.,VERIFIED,2,1,,visual_divination_layout,SOURCE_RECHECKED_VISUAL
OBS-000045,SRC-000010,75,visually_inspected,magical alphabet table,Theban Alphabet,Provide an esoteric substitution alphabet for magical writing.,Theban magical alphabet as reproduced in a modern Seax-Wica manual,LIN-000009 — Theban alphabet lineage,Latin A-Z mappings with combined I/J and U/V entries plus an end-of-sentence sign,curved and angular glyphs paired with Latin letters,map Latin alphabet entries to a distinct replacement glyph set in two vertical columns,two-column substitution table,disconnected glyph mappings,mixed local glyph symmetries,none,vertical column axes,top-to-bottom alphabetic order,repeated letter/glyph pairs,0.99,verified_visual_alphabet_table,1,PDF page 75 / printed page 130,Historical lineage is named but not independently verified by this single modern reproduction.,VERIFIED,2,1,,visual_alphabet_table,SOURCE_RECHECKED_VISUAL
OBS-000046,SRC-000010,75,visually_inspected,magical alphabet table,Passing the River Alphabet,Provide an esoteric Hebrew-letter substitution script for magical writing.,Passing the River magical alphabet as reproduced in a modern Seax-Wica manual,LIN-000010 — Passing the River alphabet lineage,Hebrew letter-name sequence,angular and curvilinear glyphs mapped to Hebrew letter names,select the first of three parallel magical-alphabet columns for each Hebrew letter name,left column of a three-script comparison table,disconnected glyph mappings,mixed local glyph symmetries,none,vertical column axis,top-to-bottom Hebrew-letter order,repeated letter-name/glyph pairs,0.99,verified_visual_alphabet_table,1,PDF page 75 / printed page 131,One of three parallel script columns on the same plate; retained as a distinct named lineage.,VERIFIED,2,1,,visual_alphabet_table,SOURCE_RECHECKED_VISUAL
OBS-000047,SRC-000010,75,visually_inspected,magical alphabet table,Malachim Alphabet,Provide an esoteric Hebrew-letter substitution script for magical writing.,Malachim magical alphabet as reproduced in a modern Seax-Wica manual,LIN-000011 — Malachim alphabet lineage,Hebrew letter-name sequence,predominantly angular and forked glyphs mapped to Hebrew letter names,select the middle of three parallel magical-alphabet columns for each Hebrew letter name,middle column of a three-script comparison table,disconnected glyph mappings,mixed local glyph symmetries,none,vertical column axis,top-to-bottom Hebrew-letter order,repeated letter-name/glyph pairs,0.99,verified_visual_alphabet_table,1,PDF page 75 / printed page 131,One of three parallel script columns on the same plate; retained as a distinct named lineage.,VERIFIED,2,1,,visual_alphabet_table,SOURCE_RECHECKED_VISUAL
OBS-000048,SRC-000010,75,visually_inspected,magical alphabet table,Celestial Alphabet,Provide an esoteric Hebrew-letter substitution script for magical writing.,Celestial magical alphabet as reproduced in a modern Seax-Wica manual,LIN-000012 — Celestial alphabet lineage,Hebrew letter-name sequence,"angular, looped, and terminal-marked glyphs mapped to Hebrew letter names",select the rightmost of three parallel magical-alphabet columns for each Hebrew letter name,right column of a three-script comparison table,disconnected glyph mappings,mixed local glyph symmetries,none,vertical column axis,top-to-bottom Hebrew-letter order,repeated letter-name/glyph pairs,0.99,verified_visual_alphabet_table,1,PDF page 75 / printed page 131,One of three parallel script columns on the same plate; retained as a distinct named lineage.,VERIFIED,2,1,,visual_alphabet_table,SOURCE_RECHECKED_VISUAL
OBS-000049,SRC-000010,76,visually_inspected,stemline script table,Ogham Bethluisnion,Present an early Celtic/Druidic inscription system organized around a central stemline.,Ogham as reproduced in a modern Seax-Wica manual,LIN-000013 — Ogham Bethluisnion lineage,ordered groups of strokes mapped to letter values,"vertical stemlines with short strokes crossing, adjoining, or branching from the line","encode letters by number, side, angle, and grouping of strokes along a central line",two vertical stemline columns with adjacent phonetic labels,each letter group connects locally to the stemline,local reflection and repetition; no whole-table symmetry,none,strong vertical stemline axes,top-to-bottom script order,repeated stroke groups around a line,0.99,verified_visual_stemline_script,1,PDF page 76 / printed page 133,"Stored as a script-reference plate. The source's historical description is retained as a secondary claim, not treated as direct artifact provenance.",VERIFIED,2,1,,visual_stemline_script_table,SOURCE_RECHECKED_VISUAL
OBS-000050,SRC-000010,77,visually_inspected,rune alphabet table,Germanic Runes,Present the Germanic Futhark as a rune and phonetic reference.,Germanic runic tradition as reproduced in a modern Seax-Wica manual,LIN-000014 — Germanic rune lineage,source text states a basic set of twenty-four runes,angular rune glyphs paired with phonetic values,arrange the runes in two vertical groups with their sound values,two-column rune table,disconnected glyph mappings,mixed local glyph symmetries,none,vertical column axes,top-to-bottom reading order,repeated rune/value pairs,0.99,verified_visual_rune_table,1,PDF page 77 / printed page 134,One modern reference witness for the Germanic rune lineage; it does not make the source an independent historical artifact.,VERIFIED,2,1,,visual_rune_table,SOURCE_RECHECKED_VISUAL
OBS-000051,SRC-000010,78,visually_inspected,comparative rune plate,Scandinavian Runes: Danish and Swedish-Norse,Present two sixteen-rune Scandinavian variants as comparative phonetic tables.,Danish and Swedish-Norse rune traditions as reproduced in a modern Seax-Wica manual,LIN-000015 — Scandinavian rune variants lineage,two sub-tables; source text states sixteen runes in Scandinavian systems,two horizontal rows of angular rune glyphs with phonetic values,place Danish and Swedish-Norse variants as two parallel horizontal alphabets under one Scandinavian heading,two stacked comparative rune rows,disconnected glyph mappings,mixed local glyph symmetries,none,two horizontal row axes,left-to-right phonetic order,two repeated variant rows,0.99,verified_visual_rune_table,1,PDF page 78 / printed page 136,"Danish and Swedish-Norse are preserved as two sub-tables inside one principal Scandinavian Runes plate, maintaining the trusted count of fourteen groups.",VERIFIED,2,1,,visual_rune_table,SOURCE_RECHECKED_VISUAL
OBS-000052,SRC-000010,78,visually_inspected,comparative rune alphabet table,Anglo-Saxon Runes,Present an expanded Anglo-Saxon Futhorc with documented variant forms.,Anglo-Saxon runic tradition as reproduced in a modern Seax-Wica manual,LIN-000008 — Saxon and Anglo-Saxon Futhorc lineage,source text notes twenty-eight to thirty-one or more runes; plate includes multiple variant rows,angular rune glyphs in several variant rows paired with phonetic values,align multiple historical-source variants by sound value in a comparative table,multi-row comparative rune table,disconnected glyph mappings,mixed local glyph symmetries,none,horizontal row axes,left-to-right phonetic order with vertically aligned variants,repeated variant rows; shared phonetic columns,0.99,verified_visual_rune_table,0.5,PDF page 78 / printed page 137,Second visual witness in the same broad Futhorc lineage as OBS-000040; lineage adjustment prevents duplicate inflation.,VERIFIED,2,1,,visual_rune_table,SOURCE_RECHECKED_VISUAL
OBS-000053,SRC-000011,68,visually_inspected,ritual circle / variable-payload template,Circle of Art,"Define and protect the operator's ritual field while locating the operation within named angelic, seasonal, temporal, lunar, and solar correspondences.",modern ceremonial magic drawing from the Heptameron,LIN-000016 — Heptameron Circle of Art lineage,multiple concentric rings; four exterior stars; quartered center,nested concentric circles; inscription bands; central quartered cross; four exterior stars; variable textual sectors,"draw nested circular boundaries, divide the center by vertical and horizontal axes, place stars outside the four diagonal quadrants, and fill inscription bands or sectors with operation-specific names",concentric bounded field with central fourfold division and external corner stars,connected circular cycles plus axial cross; inscription payload is positioned rather than edge-connected,fourfold axial organization with approximate radial symmetry,multiple complete concentric enclosures,vertical and horizontal central axes; four diagonal exterior positions,closed ring paths and center-to-boundary quadrant organization,repeated circles; four stars; inscription bands,0.99,verified_visual_template,1,PDF page 68 / printed pages 134-135,"The adjacent commentary explicitly says the spirit, angel, year, season, day, hour, Moon, and Sun names vary by operation. Fixed scaffold and replaceable payload are stored separately.",VERIFIED,2,1,,visual_ritual_template,SOURCE_RECHECKED_VISUAL
OBS-000054,SRC-000011,74,visually_inspected,protective pentacle,Pentacle of Protection and Obedience,Protect the operator and compel the appearing spirit's attention or obedience within the source's ceremonial system.,modern ceremonial magic drawing from the Heptameron,LIN-000017 — Pentacle of Protection and Obedience lineage,six-point interlaced structure; six exterior terminals; central sacred-name payload,interlaced upward and downward triangles forming a hexagram; cross-like terminals at six points; perimeter letters; central cross-like mark and sacred-name text,"interlace two triangles, add terminal marks to the six vertices, place letters along the outer segments, and insert a central sacred-name payload",single centered hexagram-like figure with semantic center and six terminal nodes,connected interlaced triangular network with detached or attached terminal marks and text,sixfold structural balance with local bilateral symmetry,no outer circular boundary; triangular network encloses a central field,three principal vertex-to-vertex axes,closed triangular paths crossing into a six-point network,six points; repeated terminal crosses; central payload,0.99,verified_visual_pentacle,1,PDF page 74 / printed page 147,Modern reproduction of an inherited Heptameron pentacle. The source distinguishes fixed figure geometry from the material and timing of construction.,VERIFIED,2,1,,visual_protective_pentacle,SOURCE_RECHECKED_VISUAL
OBS-000055,SRC-000011,87,visually_inspected,day/planet correspondence plate,Sunday / Lord's Day Plate,"Encode the source's Sunday correspondences through the governing angel, planet, zodiacal or heaven signs, and related names.",modern ceremonial magic reproduction of Heptameron day correspondences,LIN-000018 — Heptameron day/planet plate template,one of seven weekday plates; seven raw instances share one template family,"large angelic name/signature; planetary glyph; additional zodiacal, heaven, or angelic signs","reuse one horizontal correspondence-plate template while replacing the angelic name, planetary sign, and day-specific semantic payload",horizontal row of named and symbolic payloads beneath a day-specific heading,mostly disconnected glyph and text components unified by the plate heading,no global geometric symmetry; local glyph symmetries vary,none,dominant horizontal row axis,left-to-right reading of day-specific payload,repeated plate structure across seven days,0.99,verified_visual_template_instance,0.142857,PDF page 87 / printed pages 172-173,Day-specific instance of the same Heptameron plate family. The governing angel is Michael and the planet is Sun; source repetition is lineage-adjusted across the seven plates.,VERIFIED,2,1,,visual_correspondence_plate,SOURCE_RECHECKED_VISUAL
OBS-000056,SRC-000011,88,visually_inspected,day/planet correspondence plate,Monday Plate,"Encode the source's Monday correspondences through the governing angel, planet, zodiacal or heaven signs, and related names.",modern ceremonial magic reproduction of Heptameron day correspondences,LIN-000018 — Heptameron day/planet plate template,one of seven weekday plates; seven raw instances share one template family,"large angelic name/signature; planetary glyph; additional zodiacal, heaven, or angelic signs","reuse one horizontal correspondence-plate template while replacing the angelic name, planetary sign, and day-specific semantic payload",horizontal row of named and symbolic payloads beneath a day-specific heading,mostly disconnected glyph and text components unified by the plate heading,no global geometric symmetry; local glyph symmetries vary,none,dominant horizontal row axis,left-to-right reading of day-specific payload,repeated plate structure across seven days,0.99,verified_visual_template_instance,0.142857,PDF page 88 / printed pages 174-175,Day-specific instance of the same Heptameron plate family. The governing angel is Gabriel and the planet is Moon; source repetition is lineage-adjusted across the seven plates.,VERIFIED,2,1,,visual_correspondence_plate,SOURCE_RECHECKED_VISUAL
OBS-000057,SRC-000011,89,visually_inspected,day/planet correspondence plate,Tuesday Plate,"Encode the source's Tuesday correspondences through the governing angel, planet, zodiacal or heaven signs, and related names.",modern ceremonial magic reproduction of Heptameron day correspondences,LIN-000018 — Heptameron day/planet plate template,one of seven weekday plates; seven raw instances share one template family,"large angelic name/signature; planetary glyph; additional zodiacal, heaven, or angelic signs","reuse one horizontal correspondence-plate template while replacing the angelic name, planetary sign, and day-specific semantic payload",horizontal row of named and symbolic payloads beneath a day-specific heading,mostly disconnected glyph and text components unified by the plate heading,no global geometric symmetry; local glyph symmetries vary,none,dominant horizontal row axis,left-to-right reading of day-specific payload,repeated plate structure across seven days,0.99,verified_visual_template_instance,0.142857,PDF page 89 / printed pages 176-177,Day-specific instance of the same Heptameron plate family. The governing angel is Samael and the planet is Mars; source repetition is lineage-adjusted across the seven plates.,VERIFIED,2,1,,visual_correspondence_plate,SOURCE_RECHECKED_VISUAL
OBS-000058,SRC-000011,90,visually_inspected,day/planet correspondence plate,Wednesday Plate,"Encode the source's Wednesday correspondences through the governing angel, planet, zodiacal or heaven signs, and related names.",modern ceremonial magic reproduction of Heptameron day correspondences,LIN-000018 — Heptameron day/planet plate template,one of seven weekday plates; seven raw instances share one template family,"large angelic name/signature; planetary glyph; additional zodiacal, heaven, or angelic signs","reuse one horizontal correspondence-plate template while replacing the angelic name, planetary sign, and day-specific semantic payload",horizontal row of named and symbolic payloads beneath a day-specific heading,mostly disconnected glyph and text components unified by the plate heading,no global geometric symmetry; local glyph symmetries vary,none,dominant horizontal row axis,left-to-right reading of day-specific payload,repeated plate structure across seven days,0.99,verified_visual_template_instance,0.142857,PDF page 90 / printed pages 178-179,Day-specific instance of the same Heptameron plate family. The governing angel is Raphael and the planet is Mercury; source repetition is lineage-adjusted across the seven plates.,VERIFIED,2,1,,visual_correspondence_plate,SOURCE_RECHECKED_VISUAL
OBS-000059,SRC-000011,91,visually_inspected,day/planet correspondence plate,Thursday Plate,"Encode the source's Thursday correspondences through the governing angel, planet, zodiacal or heaven signs, and related names.",modern ceremonial magic reproduction of Heptameron day correspondences,LIN-000018 — Heptameron day/planet plate template,one of seven weekday plates; seven raw instances share one template family,"large angelic name/signature; planetary glyph; additional zodiacal, heaven, or angelic signs","reuse one horizontal correspondence-plate template while replacing the angelic name, planetary sign, and day-specific semantic payload",horizontal row of named and symbolic payloads beneath a day-specific heading,mostly disconnected glyph and text components unified by the plate heading,no global geometric symmetry; local glyph symmetries vary,none,dominant horizontal row axis,left-to-right reading of day-specific payload,repeated plate structure across seven days,0.99,verified_visual_template_instance,0.142857,PDF page 91 / printed pages 180-181,Day-specific instance of the same Heptameron plate family. The governing angel is Sachiel and the planet is Jupiter; source repetition is lineage-adjusted across the seven plates.,VERIFIED,2,1,,visual_correspondence_plate,SOURCE_RECHECKED_VISUAL
OBS-000060,SRC-000011,92,visually_inspected,day/planet correspondence plate,Friday Plate,"Encode the source's Friday correspondences through the governing angel, planet, zodiacal or heaven signs, and related names.",modern ceremonial magic reproduction of Heptameron day correspondences,LIN-000018 — Heptameron day/planet plate template,one of seven weekday plates; seven raw instances share one template family,"large angelic name/signature; planetary glyph; additional zodiacal, heaven, or angelic signs","reuse one horizontal correspondence-plate template while replacing the angelic name, planetary sign, and day-specific semantic payload",horizontal row of named and symbolic payloads beneath a day-specific heading,mostly disconnected glyph and text components unified by the plate heading,no global geometric symmetry; local glyph symmetries vary,none,dominant horizontal row axis,left-to-right reading of day-specific payload,repeated plate structure across seven days,0.99,verified_visual_template_instance,0.142857,PDF page 92 / printed pages 182-183,Day-specific instance of the same Heptameron plate family. The governing angel is Anael and the planet is Venus; source repetition is lineage-adjusted across the seven plates.,VERIFIED,2,1,,visual_correspondence_plate,SOURCE_RECHECKED_VISUAL
OBS-000061,SRC-000011,93,visually_inspected,day/planet correspondence plate,Saturday Plate,"Encode the source's Saturday correspondences through the governing angel, planet, zodiacal or heaven signs, and related names.",modern ceremonial magic reproduction of Heptameron day correspondences,LIN-000018 — Heptameron day/planet plate template,one of seven weekday plates; seven raw instances share one template family,"large angelic name/signature; planetary glyph; additional zodiacal, heaven, or angelic signs","reuse one horizontal correspondence-plate template while replacing the angelic name, planetary sign, and day-specific semantic payload",horizontal row of named and symbolic payloads beneath a day-specific heading,mostly disconnected glyph and text components unified by the plate heading,no global geometric symmetry; local glyph symmetries vary,none,dominant horizontal row axis,left-to-right reading of day-specific payload,repeated plate structure across seven days,0.99,verified_visual_template_instance,0.142857,PDF page 93 / printed pages 184-185,Day-specific instance of the same Heptameron plate family. The governing angel is Cassiel and the planet is Saturn; source repetition is lineage-adjusted across the seven plates.,VERIFIED,2,1,,visual_correspondence_plate,SOURCE_RECHECKED_VISUAL
OBS-000062,SRC-000012,42,visually_inspected,composite programming symbol with component legend,House Protection Entity Programming Symbol,Combine several source-defined component signs into one programming symbol for a house-protection entity.,modern entity-magic instructional practice,LIN-000019 — component-overlay programming-symbol lineage,six documented semantic components in the legend,central house icon; square/rectangular enclosure; circle; diamond; crossed horizontal/vertical bars with pointed terminals; side crescents or arcs,"select source-defined component signs for house, Beth/house, fourfold elements, protection, balance/solidity, and lunar protection; overlay them into one centered emblem",dense centered composite with nested house and enclosure forms inside a larger crossed diamond structure,many connected and overlaid components; central house is enclosed by square/circle/diamond layers,strong bilateral and approximate fourfold symmetry,multiple nested local enclosures around the house,vertical and horizontal axes plus two diagonal diamond axes,"closed house, square, circle, and diamond paths combined with axial bars",paired side arcs; four pointed axial terminals; nested enclosures,0.99,verified_visual_composite,1,PDF page 42 / printed pages 66-67,"The page includes a component legend identifying House, Beth/House, Delta/Fourfold/Elements, Thorn/Protection, Sun/Circle/Balance/Solidity, and Moon/Protection. One modern instructional composite, not six independent traditions.",VERIFIED,2,1,,visual_composite_with_legend,SOURCE_RECHECKED_VISUAL
OBS-000063,SRC-000012,58,visually_inspected,deterministic text-filtering workflow,Letter Deletion and Greek-Equivalent Filtering Workflow,Distill a multi-part statement into a reduced sequence used as one component of a programming symbol.,modern entity-magic instructional practice,LIN-000020 — deterministic distillation-grid-path programming lineage,duplicate deletion; alphabet-equivalence filtering; repeated-number deletion,crossed-out letter strings; reduced letter row; number row; reconverted letters; Greek transliteration,"delete duplicate letters, remove letters lacking Greek equivalents, map remaining letters to Pythagorean numbers, delete repeated numbers, convert back to letters, then transliterate into Greek forms",top-to-bottom transformation sequence with intermediate rows,serial process graph from source text to reduced symbolic payload,not applicable to the workflow as a whole,none,horizontal row axes across each transformation stage,ordered transformation pipeline,repeated deletion and remapping operations,0.99,verified_visual_process,0.333333,PDF page 58 / printed pages 98-99,Construction steps are visually documented. Stored as deterministic process evidence rather than as a finished glyph geometry.,VERIFIED,2,1,,visual_construction_workflow,SOURCE_RECHECKED_VISUAL
OBS-000064,SRC-000012,59,visually_inspected,numerology and magic-square construction grid,Pythagorean Reduction and Lo Shu Magic-Square Grid,Convert distilled letters to numbers and use a 3×3 Lo Shu grid as the coordinate scaffold for a programming-symbol path.,modern entity-magic instructional practice,LIN-000020 — deterministic distillation-grid-path programming lineage,Pythagorean 1-9 mapping; Lo Shu arrangement 4-9-2 / 3-5-7 / 8-1-6; final single-digit reductions,3×3 square grid with numbers; ordered number sequences; arithmetic reductions,"map letters to Pythagorean values, place or locate values on the Lo Shu grid, and reduce sums to single digits for later component placement",square 3×3 coordinate field with nine numbered cells,grid adjacency plus later number-to-number path potential,fourfold square symmetry in the scaffold; number placement is Lo Shu balanced,complete square outer boundary with nine cells,vertical and horizontal grid axes,ordered number sequence later becomes a connected path,nine cells; numbers 1 through 9; balanced row/column totals,0.99,verified_visual_construction_grid,0.333333,PDF page 59 / printed pages 100-101,The source explicitly identifies the 3×3 layout as a magick square. The Atlas records the grid and path-building grammar without treating numerological meanings as universal facts.,VERIFIED,2,1,,visual_numerology_grid,SOURCE_RECHECKED_VISUAL
OBS-000065,SRC-000012,61,visually_inspected,final circular programming symbol,Emer Ipsni Programming Symbol,Represent an inspiration and hindrance-removal entity through perimeter letters and a connected interior path derived from the documented workflow.,modern entity-magic instructional practice,LIN-000020 — deterministic distillation-grid-path programming lineage,eight perimeter letters placed by direction; path begins at 9 and ends at 5; square at 7; additional circle and sex-symbol placement,outer circle; eight perimeter letters; interior connected polyline; circular start/end nodes; square marker; overlaid male symbol,"place eight reduced letters around the circle in directional order, connect magic-square-derived number positions with a line, mark specified nodes with circles or a square, and add a derived sex-symbol payload",circular boundary with directional perimeter payload and central network path,connected interior path inside a complete circular enclosure; markers annotate selected nodes,outer circle is radial; interior path is asymmetric,complete circular outer boundary,eight directional axes around the perimeter,clockwise perimeter placement plus ordered interior number path,eight letters; circles; square; central line network,0.99,verified_visual_programming_symbol,0.333333,PDF page 61 / printed page 105; construction notes on PDF page 62,"This is the final output of OBS-000063 and OBS-000064. The source documents the construction chain from statement to reduced payload, grid, path, and marked final symbol.",VERIFIED,2,1,,visual_deterministic_programming_symbol,SOURCE_RECHECKED_VISUAL
OBS-000066,SRC-000012,69,visually_inspected,task-specific programming sigil,D’watcher Programming Symbol,The source assigns the symbol to a destructive and harassing entity scenario; retained only as provenance and geometry evidence.,modern entity-magic case-study appendix,LIN-000021 — minimal task-specific programming-sigil lineage,no stable numerology stated on the figure page,open angular polyline; circular terminals; small square marker near lower terminal,"draw a long descending diagonal from a circular terminal, turn into a short zigzag, extend to a lower circular terminal, and add a nearby square marker",sparse open line network occupying a broad triangular field,single connected open polyline with terminal markers and one adjacent square,asymmetrical,none,dominant descending diagonal and lower horizontal axis,top-left to rightward kink to lower-left terminal,two circular terminals; one square; two sharp turns,0.99,verified_visual_programming_symbol,1,PDF page 69 / printed page 120,"Source-stated harmful purpose is recorded descriptively but operational instructions, placement guidance, and activation details are excluded.",VERIFIED,2,1,,visual_harmful_case_study_sigil,SOURCE_RECHECKED_VISUAL
OBS-000067,SRC-000013,1-4,visually_inspected/text_only,textual correspondence set,Thirteen-Herb Cabinet Set,"Provide a compact cabinet of thirteen easily grown herbs selected for multi-faceted practical, culinary, medicinal, protective, and magical uses.",modern herbal correspondence guide,unattributed modern herbal selection,13 explicitly numbered herbs,no visual geometry; numbered textual list only,select and number thirteen herbs as a practical multi-use cabinet,ordered list of thirteen named plants followed by optional add-on categories,textual sequence only; no graph geometry,none,no visual enclosure,list order only,1 through 13 textual sequence,thirteen repeated herb entries,0.99,text_only_context,1,PDF pages 1-4,"All four pages were visually inspected. The number thirteen is an explicit editorial set size, not a measured geometric or cross-tradition numerological rule.",VERIFIED,3,1,,textual_correspondence_set,SOURCE_RECHECKED_TEXT_ONLY
OBS-000068,SRC-000014,8,visually_inspected/text_only,textual quarter-calling process,Four-Quarter Calling Pentacles and Fifth Salute,"Call and salute the ritual quarters so the rite is witnessed and the circle blessed, followed by a final fifth salute.",modern Wiccan personal ritual compilation,quarter-calling pentacle practice,four quarter pentacles plus a fifth salute,pentacle named but not shown or measured,"perform a calling pentacle, salute, and kiss at each quarter; conclude with a salute to the fifth",four cardinal ritual stations plus an unspecified fifth station or principle,textual sequence only; no visual graph,no measurable symmetry,circle context stated; no drawn boundary,four cardinal axes implied,quarter-by-quarter sequence; exact tracing order and fifth location are not shown,four repeated pentacle calls and salutes; one concluding fifth salute,0.99,text_only_process,1,PDF page 8,"All 168 pages were visually inspected and contain no embedded images. Pentacle form, trace direction, and fifth-point location remain unresolved.",VERIFIED,3,1,,textual_ritual_process,SOURCE_RECHECKED_TEXT_ONLY
OBS-000069,SRC-000014,23-29,visually_inspected/text_only,textual ritual-boundary lifecycle,Celtic Circle Construction and Lifecycle,"Create, consecrate, populate, bind, release, and open a ritual circle through a documented multi-stage sequence.",modern Wiccan personal ritual compilation,circle-construction and lifecycle practice,one circle; four quarters; four candles implied,circle and quarters described but not drawn,"Draw the Circle; consecrate it; consecrate water, salt, fire, and incense; aspurge and cense; salute and call each quarter while lighting candles; bind the work; license departure; banish and extinguish; cut or open the circle","bounded ritual field with altar, four quarter stations, and a staged lifecycle",serial textual process; no visual graph,cardinal organization implied,complete ritual enclosure described,cardinal axes implied,construction → consecration → quarter activation → binding → release/banishing → cutting/opening,repeated quarter calls; candles lit and extinguished in turn; boundary opening and closing,0.99,text_only_process,1,PDF pages 23-29,"The source provides a detailed lifecycle but no diagram. Construction medium, dimensions, exact path, and trace geometry are not visually measurable.",VERIFIED,3,1,,textual_ritual_process,SOURCE_RECHECKED_TEXT_ONLY
OBS-000070,SRC-000014,12-14;27;30-32,visually_inspected/text_only,textual cardinal-elemental correspondence framework,Cardinal Quarters and Fifth Spirit Correspondences,"Organize ritual directions, elements, tools, colors, beings, seasons, times, qualities, and a central Spirit principle.",modern Wiccan personal ritual compilation,cardinal-elemental quarter framework,four cardinal quarters plus a fifth Spirit center,cardinal cross and center are implied in text; no diagram,"assign correspondence payloads to North, East, South, West, and Spirit; address the quarters in the stated East → South → West → North sequence",four directional stations around a central fifth principle,textual mapping framework; no visual graph,fourfold cardinal organization with privileged center,circle context stated; no drawn boundary,North-South and East-West axes plus center,East → South → West → North; Spirit at center,four repeated directional tuples plus one central Spirit tuple,0.99,textual_correspondence_framework,0.2,"PDF pages 12-14, 27, 30-32","Examples include North/Earth/pentacles, East/Air/athame, South/Fire/wand, West/Water/cup; later pages add color, beings, seasonal, temporal, and qualitative payloads. Spirit is stated at the center with balance, invocation, and manifestation.",VERIFIED,3,1,,authorial_correspondence_framework,SOURCE_RECHECKED_TEXT_ONLY
OBS-000071,SRC-000015,1,visually_inspected,historical artifact reproduction / representational iconography,Venus of Willendorf Reproduction,"Illustrate the authors' discussion of prehistoric fertility, motherhood, and an Earth-Mother concept in a modern Wiccan historical narrative.",modern Wiccan historical narrative using a Paleolithic artifact reproduction,LIN-000022 — Paleolithic Venus figurine reproduction lineage,"caption states approximately 30,000 years; no symbolic count encoded","anthropomorphic female figurine with emphasized abdomen, breasts, hips, and textured head",modern black-and-white reproduction of a three-dimensional artifact; no source construction process provided,isolated upright figurine,connected representational body form; not an abstract symbol graph,approximate bilateral body symmetry,body silhouette forms a local boundary; no ritual enclosure,vertical body axis,no operative trace path,repeated rounded anatomical volumes,0.99,historical_artifact_reproduction,1,"PDF page 1, left image","Caption identifies the Venus of Willendorf and gives an approximate age. The authors' religious interpretation is stored separately as a source claim, not accepted as proof of prehistoric Wiccan continuity.",VERIFIED,3,1,,historical_artifact_reproduction,SOURCE_RECHECKED_VISUAL
OBS-000072,SRC-000015,1,visually_inspected,historical artifact reproduction / representational iconography,Antlered “Sorcerer” Cave-Art Reproduction,Illustrate the authors' discussion of a horned male nature figure or consort in a modern Wiccan historical narrative.,modern Wiccan historical narrative using a cave-art reproduction,LIN-000023 — Les Trois Frères Sorcerer reproduction lineage,"caption states approximately 20,000 years; no symbolic count encoded","upright anthropomorphic figure with antlers, beard, animal-like tail, and bent limbs",modern black-and-white reproduction of a cave-art figure; no source construction process provided,isolated standing or dancing figure,connected representational body form; not an abstract symbol graph,asymmetrical pose with approximate bilateral anatomy,body silhouette forms a local boundary; no ritual enclosure,vertical body axis with angled limb axes,no operative trace path,antlers; bent limbs; animal-human composite features,0.99,historical_artifact_reproduction,1,"PDF page 1, right image","Caption calls the figure “The Sorcerer” and gives an approximate age. The authors' consort and nature interpretation is stored as a source-scoped claim, not independent archaeological fact.",VERIFIED,3,1,,historical_artifact_reproduction,SOURCE_RECHECKED_VISUAL
