staging_id,batch,source_title,drive_file_id,evidence_status,pages_inspected,visual_records,text_only_records,duplicate_lineage,authoritative_status,next_action,notes,checkpoint_present,verification_log_present,completed_audit_present,recovery_status,source_id_assigned,migration_notes,reviewed_on,raw_source_ref
STG-000001,1,12th Generation Book of Shadows,1lgV71Z2EZPIbUQc0KNC61pSq5UPg_nCa,text_only_reference,0,0,3,none assigned,VERIFIED_WITH_PENDING_VISUAL,Full visual inspection,Initial screening only,True,True,True,SOURCE_NORMALIZED; TEXT_OBSERVATIONS_RECOVERED; RESCREEN_QUEUED,SRC-000001,Permanent Source ID assigned; Batch 001 text-only observations recovered from checkpoint.,2026-07-28,Master Checkpoint Batch 1 + Completed Books Audit
STG-000002,1,50 of the Most Powerful Spells on Earth,1Emkrg5QSwBqAUsmUWgZSYIdHSL8XZ6hM,text_only_reference,0,0,9,none assigned,VERIFIED_WITH_PENDING_VISUAL,Inspect image layer,No visual measurements promoted,True,True,True,SOURCE_NORMALIZED; TEXT_OBSERVATIONS_RECOVERED; RESCREEN_QUEUED,SRC-000002,Permanent Source ID assigned; Batch 001 text-only observations recovered from checkpoint.,2026-07-28,Master Checkpoint Batch 1 + Completed Books Audit
STG-000003,1,A Charmed Life,1wvprxS_XAda3FM_vvyIZpyRNWsPruSS-,metadata_only,0,0,0,none assigned,VERIFIED_WITH_PENDING_VISUAL,Targeted visual pass,Modern Wiccan practice manual,True,True,True,SOURCE_NORMALIZED; RESCREEN_QUEUED,SRC-000003,Permanent Source ID assigned; no observation promoted until required visual work.,2026-07-28,Master Checkpoint Batch 1 + Completed Books Audit
STG-000004,1,A Manual of African Witchcraft and Brujeria,1K31Uzc6yJpxKpWzrTfT0GwkwvcQ9-Q6P,blocked,0,0,0,none assigned,VERIFIED_WITH_PENDING_VISUAL,Raw-file visual inspection,Searchable text unavailable,True,True,True,SOURCE_NORMALIZED; RESCREEN_QUEUED,SRC-000004,Permanent Source ID assigned; no observation promoted until required visual work.,2026-07-28,Master Checkpoint Batch 1 + Completed Books Audit
STG-000005,1,A Popular History of Witchcraft,1wsXbsO4NkzidKuShonRy75wnLLbrzNHu,text_only_reference,0,0,0,historical plate queue,VERIFIED_WITH_PENDING_VISUAL,Historical illustration pass,No geometry promoted,True,True,True,SOURCE_NORMALIZED; RESCREEN_QUEUED,SRC-000005,Permanent Source ID assigned; no observation promoted until required visual work.,2026-07-28,Master Checkpoint Batch 1 + Completed Books Audit
STG-000006,2,"A Sporadic Journal of Activities, Spells, and Words",1NsgsMSkTOIc5JUlZMPAKcWWS06rc08aH,visually_inspected,25,9,5,2 principal families,VERIFIED,None,ABRACADABRA seal plus 8-card family,True,True,True,SOURCE_NORMALIZED; OBSERVATIONS_RECOVERED,SRC-000006,Three checkpoint-level observation records recovered in source order; nine raw visual instances represented without inventing missing card payloads.,2026-07-28,Master Checkpoint Batch 2 + Completed Books Audit
STG-000007,2,A True History of Witchcraft,1d5GlEN4DZ9Svn05d3E4EwU0Uyxyz3Bsp,visually_inspected/text_only_reference,24,0,3,none,VERIFIED,None,No operative figure,True,True,True,SOURCE_NORMALIZED; OBSERVATIONS_MEANINGS_CLAIMS_RECOVERED,SRC-000007,"Five text-only/context observations, five source-scoped meanings, and six claims/contradictions recovered after a fresh 24-page visual and textual recheck. No geometry promoted.",2026-07-28,Master Checkpoint Batch 2 + Completed Books Audit
STG-000008,2,A Witch’s Beverages and Brews,1hMMDag39Krzj1vhilsbrbxfKS89woBfd,visually_inspected/text_only_reference,216,0,5,none,VERIFIED,None,Cover/title decoration excluded,True,True,True,SOURCE_NORMALIZED; OBSERVATIONS_MEANINGS_CLAIMS_RECOVERED_CORRECTION_RECORDED,SRC-000008,"Five text-only observation groups, six meanings, and ten claims/corrections recovered after a fresh 216-page visual and textual recheck. The checkpoint's squared-vessel Earth/God shorthand was separated into the source-supported God-aspect vessel claim and the distinct Winter/Earth/North correspondence.",2026-07-28,Master Checkpoint Batch 2 + Completed Books Audit
STG-000009,2,Baphomet Magie,1pQ-XVE2zMMPTloh5e7rFqMc31mO-0UNo,visually_inspected,89,13,0,4 provisional families,VERIFIED,None,Modern instructional source,True,True,True,SOURCE_NORMALIZED; OBSERVATIONS_LINEAGES_GEOMETRY_MEANINGS_CLAIMS_RECOVERED,SRC-000009,Thirteen verified visual groups normalized into four lineages and four geometry families after a fresh 89-page recheck. Modern instructional provenance retained; no DNA variable promoted.,2026-07-28,Master Checkpoint Batch 2 + Completed Books Audit
STG-000010,2,Buckland’s Book of Saxon Witchcraft,1JaTuUf8UuqoX11f3A9kT1as9Jbs4qc_N,visually_inspected,88,14,0,alphabet and rune families,VERIFIED,None,Raw scan reviewed,True,True,True,SOURCE_NORMALIZED; OBSERVATIONS_LINEAGES_GEOMETRY_MEANINGS_CLAIMS_RECOVERED,SRC-000010,Fourteen principal visual groups normalized after a fresh 88-page recheck. Danish and Swedish-Norse retained as one two-part Scandinavian plate; early Saxon and appendix Anglo-Saxon retained as two witnesses in one Futhorc lineage.,2026-07-28,Master Checkpoint Batch 2 + Completed Books Audit
STG-000011,2,Ceremonial Magick and Evocation,1kbM2qIi72gRVVZ73lsYK436pQuR33HCF,visually_inspected,106,9,0,3 principal families,VERIFIED,None,Heptameron template lineage,True,True,True,SOURCE_NORMALIZED; OBSERVATIONS_LINEAGES_GEOMETRY_MEANINGS_CLAIMS_RECOVERED,SRC-000011,Nine visual figure groups normalized into three inherited principal families after a fresh 106-page recheck. Fixed scaffold and replaceable semantic payload are stored separately; no DNA variable promoted.,2026-07-28,Master Checkpoint Batch 2 + Completed Books Audit
STG-000012,2,Creating Magickal Entities,1-zvbxwQ8byyUG_M4KSuPUSkSn4kpMBLn,visually_inspected,82,5,0,3 construction families,VERIFIED,None,Programming-symbol workflows,True,True,True,SOURCE_NORMALIZED; OBSERVATIONS_LINEAGES_GEOMETRY_MEANINGS_CLAIMS_RECOVERED,SRC-000012,Five trusted visual/process groups normalized into three construction lineages after a fresh 82-page recheck. Harmful case-study instructions excluded; deterministic construction evidence retained; no DNA variable promoted.,2026-07-28,Master Checkpoint Batch 2 + Completed Books Audit
STG-000013,3,13 Herbs for a Witchs Cabinet,1h7sE4nOGKg8IbVigQpoQllCY8PlTj49L,visually_inspected/text_only_reference,4,0,1,none,VERIFIED,None,No visual geometry,True,True,True,SOURCE_NORMALIZED; TEXT_ONLY_OBSERVATION_MEANING_CLAIMS_RECOVERED,SRC-000013,"One text-only thirteen-herb correspondence-set record recovered after a fresh four-page visual and textual recheck. No geometry, lineage, hypothesis, DNA candidate, or matrix change.",2026-07-28,Master Checkpoint Batch 3 + Completed Books Audit
STG-000014,3,A Book of Shadows,1FIGVhtfS_PA1IaJ8B69qdOly3dbtdxUB,visually_inspected/text_only_reference,168,0,3,none,VERIFIED,None,No discrete symbol plate,True,True,True,SOURCE_NORMALIZED; THREE_TEXT_ONLY_PROCESS_GROUPS_RECOVERED,SRC-000014,Three trusted text-only groups restored after a fresh 168-page visual and textual recheck. Embedded image count 0; named pentacles and circle remain unmeasured; no geometry or DNA promotion.,2026-07-28,Master Checkpoint Batch 3 + Completed Books Audit
STG-000015,3,A Brief History of Wicca,1rAHWD0wz2IGi-A_tjrsr0IKx60VBqgAn,visually_inspected,7,2,0,historical artifact reproductions,VERIFIED,None,"Representational, not operative",True,True,True,SOURCE_NORMALIZED; TWO_HISTORICAL_REPRODUCTIONS_AND_INTERPRETIVE_CLAIMS_RECOVERED,SRC-000015,Two page-1 historical-artifact reproductions recovered after a fresh seven-page recheck. Representational iconography and source interpretations preserved separately; operative geometry count remains zero.,2026-07-28,Master Checkpoint Batch 3 + Completed Books Audit
STG-000016,3,A Further Guide for the Solitary Practitioner,1f1DAXe4FGFbICZqqEnZ8eGeblu7eNQ2w,visually_inspected,216,70,0,approximately 8 principal families,VERIFIED,None,63 labeled shorthand/rune entries plus layouts,True,True,True,SOURCE_NORMALIZED; OBSERVATION_RECOVERY_PENDING,SRC-000016,Permanent Source ID assigned; observation-level recovery will proceed in source order.,2026-07-28,Master Checkpoint Batch 3 + Completed Books Audit
STG-000017,3,A modern approach to a medieval Magickal Art,1hsgzJOwZu_R7iUDFwU2gBW1wW7jkNbgt,visually_inspected/text_only_reference,6,0,3,none,VERIFIED,None,No figures or symbol plates,True,True,True,SOURCE_NORMALIZED; OBSERVATION_RECOVERY_PENDING,SRC-000017,Permanent Source ID assigned; observation-level recovery will proceed in source order.,2026-07-28,Master Checkpoint Batch 3 + Completed Books Audit
STG-000018,4,A Modern Goetic Grimoire,1iaEwl8PMStohIIC-WJpOpkMg8NUyncBI,visually_inspected,157,82,0,7 principal families; 72 seals in one corpus lineage,VERIFIED,None,Goetic seals and ritual figures,True,True,True,SOURCE_NORMALIZED; OBSERVATION_RECOVERY_PENDING,SRC-000018,Permanent Source ID assigned; observation-level recovery will proceed in source order.,2026-07-28,Master Checkpoint Batch 4 + Completed Books Audit
STG-000019,4,A New Walk Down An Old Path,1Sx8KBQ0jshJu1c-Gd0KoLM4L5Hbyyqx1,duplicate_file/visually_inspected,128,0,0,exact duplicate of 3rd Edition,VERIFIED,None,Duplicate content witness,True,True,True,SOURCE_NORMALIZED; OBSERVATION_RECOVERY_PENDING,SRC-000019,Permanent Source ID assigned; observation-level recovery will proceed in source order.,2026-07-28,Master Checkpoint Batch 4 + Completed Books Audit
STG-000020,4,A New Walk Down An Old Path [2nd Edition],1Yuj9IvqU0vX7fswktuSx_JFQQX3bmdK6,visually_inspected/text_only_reference,71,0,4,distinct revision,VERIFIED,None,No discrete symbol diagrams,True,True,True,SOURCE_NORMALIZED; OBSERVATION_RECOVERY_PENDING,SRC-000020,Permanent Source ID assigned; observation-level recovery will proceed in source order.,2026-07-28,Master Checkpoint Batch 4 + Completed Books Audit
STG-000021,4,A New Walk Down An Old Path [3rd Edition],14KVpDC3OpCo-NyeiExn_qoIRhg4YlXHM,exact_duplicate_file,0,0,0,exact duplicate of base edition,VERIFIED,None,SHA-256 recorded in checkpoint,True,True,True,SOURCE_NORMALIZED; OBSERVATION_RECOVERY_PENDING,SRC-000021,Permanent Source ID assigned; observation-level recovery will proceed in source order.,2026-07-28,Master Checkpoint Batch 4 + Completed Books Audit
STG-000022,5,A Practical Guide to Witchcraft and Magic Spells,1UZyJXgDl6uvxM28TjKCRvidVqhGrVicl,visually_inspected,283,6,8,5 lineage-adjusted geometry families,VERIFIED,None,"Pentagram, amulets, invoking/banishing paths",True,True,True,SOURCE_NORMALIZED; OBSERVATION_RECOVERY_PENDING,SRC-000022,Permanent Source ID assigned; observation-level recovery will proceed in source order.,2026-07-28,Master Checkpoint Batch 5 + Completed Books Audit
